file,line,type,commit,author,date,time,timezone,datetime,depth,length
style.css,1,css,2ba1a6cd,mfjacobsen,2025-04-11,15:14:14,-07:00,2025-04-11T15:14:14-07:00,0,5
style.css,2,css,2ba1a6cd,mfjacobsen,2025-04-11,15:14:14,-07:00,2025-04-11T15:14:14-07:00,0,34
style.css,3,css,2ba1a6cd,mfjacobsen,2025-04-11,15:14:14,-07:00,2025-04-11T15:14:14-07:00,0,33
style.css,4,css,dbd95e1e,mfjacobsen,2025-04-18,11:45:57,-07:00,2025-04-18T11:45:57-07:00,0,23
style.css,5,css,2ba1a6cd,mfjacobsen,2025-04-11,15:14:14,-07:00,2025-04-11T15:14:14-07:00,0,0
style.css,6,css,2ba1a6cd,mfjacobsen,2025-04-11,15:14:14,-07:00,2025-04-11T15:14:14-07:00,0,0
style.css,7,css,2ba1a6cd,mfjacobsen,2025-04-11,15:14:14,-07:00,2025-04-11T15:14:14-07:00,0,10
style.css,8,css,2ba1a6cd,mfjacobsen,2025-04-11,15:14:14,-07:00,2025-04-11T15:14:14-07:00,0,13
style.css,9,css,2ba1a6cd,mfjacobsen,2025-04-11,15:14:14,-07:00,2025-04-11T15:14:14-07:00,0,59
style.css,10,css,2ba1a6cd,mfjacobsen,2025-04-11,15:14:14,-07:00,2025-04-11T15:14:14-07:00,0,16
style.css,11,css,2ba1a6cd,mfjacobsen,2025-04-11,15:14:14,-07:00,2025-04-11T15:14:14-07:00,0,0
style.css,12,css,2ba1a6cd,mfjacobsen,2025-04-11,15:14:14,-07:00,2025-04-11T15:14:14-07:00,0,0
style.css,13,css,2ba1a6cd,mfjacobsen,2025-04-11,15:14:14,-07:00,2025-04-11T15:14:14-07:00,0,18
style.css,14,css,2ba1a6cd,mfjacobsen,2025-04-11,15:14:14,-07:00,2025-04-11T15:14:14-07:00,0,13
style.css,15,css,2ba1a6cd,mfjacobsen,2025-04-11,15:14:14,-07:00,2025-04-11T15:14:14-07:00,0,27
style.css,16,css,2ba1a6cd,mfjacobsen,2025-04-11,15:14:14,-07:00,2025-04-11T15:14:14-07:00,0,16
style.css,17,css,2ba1a6cd,mfjacobsen,2025-04-11,15:14:14,-07:00,2025-04-11T15:14:14-07:00,0,8
style.css,18,css,2ba1a6cd,mfjacobsen,2025-04-11,15:14:14,-07:00,2025-04-11T15:14:14-07:00,0,0
style.css,19,css,2ba1a6cd,mfjacobsen,2025-04-11,15:14:14,-07:00,2025-04-11T15:14:14-07:00,0,0
style.css,20,css,2ba1a6cd,mfjacobsen,2025-04-11,15:14:14,-07:00,2025-04-11T15:14:14-07:00,0,13
style.css,21,css,2ba1a6cd,mfjacobsen,2025-04-11,15:14:14,-07:00,2025-04-11T15:14:14-07:00,0,8
style.css,22,css,2ba1a6cd,mfjacobsen,2025-04-11,15:14:14,-07:00,2025-04-11T15:14:14-07:00,0,0
style.css,23,css,2ba1a6cd,mfjacobsen,2025-04-11,15:14:14,-07:00,2025-04-11T15:14:14-07:00,0,0
style.css,24,css,2ba1a6cd,mfjacobsen,2025-04-11,15:14:14,-07:00,2025-04-11T15:14:14-07:00,0,18
style.css,25,css,2ba1a6cd,mfjacobsen,2025-04-11,15:14:14,-07:00,2025-04-11T15:14:14-07:00,0,15
style.css,26,css,2ba1a6cd,mfjacobsen,2025-04-11,15:14:14,-07:00,2025-04-11T15:14:14-07:00,0,0
style.css,27,css,2ba1a6cd,mfjacobsen,2025-04-11,15:14:14,-07:00,2025-04-11T15:14:14-07:00,0,3
style.css,28,css,2ba1a6cd,mfjacobsen,2025-04-11,15:14:14,-07:00,2025-04-11T15:14:14-07:00,0,15
style.css,29,css,2ba1a6cd,mfjacobsen,2025-04-11,15:14:14,-07:00,2025-04-11T15:14:14-07:00,0,0
style.css,30,css,2ba1a6cd,mfjacobsen,2025-04-11,15:14:14,-07:00,2025-04-11T15:14:14-07:00,0,3
style.css,31,css,2ba1a6cd,mfjacobsen,2025-04-11,15:14:14,-07:00,2025-04-11T15:14:14-07:00,0,17
style.css,32,css,2ba1a6cd,mfjacobsen,2025-04-11,15:14:14,-07:00,2025-04-11T15:14:14-07:00,0,0
style.css,33,css,2ba1a6cd,mfjacobsen,2025-04-11,15:14:14,-07:00,2025-04-11T15:14:14-07:00,0,0
style.css,34,css,97d4a117,mfjacobsen,2025-04-04,19:37:28,-07:00,2025-04-04T19:37:28-07:00,0,5
style.css,35,css,97d4a117,mfjacobsen,2025-04-04,19:37:28,-07:00,2025-04-04T19:37:28-07:00,0,24
style.css,36,css,2ba1a6cd,mfjacobsen,2025-04-11,15:14:14,-07:00,2025-04-11T15:14:14-07:00,0,16
style.css,37,css,2ba1a6cd,mfjacobsen,2025-04-11,15:14:14,-07:00,2025-04-11T15:14:14-07:00,0,12
style.css,38,css,2ba1a6cd,mfjacobsen,2025-04-11,15:14:14,-07:00,2025-04-11T15:14:14-07:00,0,19
style.css,39,css,2ba1a6cd,mfjacobsen,2025-04-11,15:14:14,-07:00,2025-04-11T15:14:14-07:00,0,0
style.css,40,css,2ba1a6cd,mfjacobsen,2025-04-11,15:14:14,-07:00,2025-04-11T15:14:14-07:00,0,0
style.css,41,css,2ba1a6cd,mfjacobsen,2025-04-11,15:14:14,-07:00,2025-04-11T15:14:14-07:00,0,14
style.css,42,css,2ba1a6cd,mfjacobsen,2025-04-11,15:14:14,-07:00,2025-04-11T15:14:14-07:00,0,17
style.css,43,css,2ba1a6cd,mfjacobsen,2025-04-11,15:14:14,-07:00,2025-04-11T15:14:14-07:00,0,0
style.css,44,css,2ba1a6cd,mfjacobsen,2025-04-11,15:14:14,-07:00,2025-04-11T15:14:14-07:00,0,0
style.css,45,css,2ba1a6cd,mfjacobsen,2025-04-11,15:14:14,-07:00,2025-04-11T15:14:14-07:00,0,4
style.css,46,css,dbd95e1e,mfjacobsen,2025-04-18,11:45:57,-07:00,2025-04-18T11:45:57-07:00,0,40
style.css,47,css,2ba1a6cd,mfjacobsen,2025-04-11,15:14:14,-07:00,2025-04-11T15:14:14-07:00,0,13
style.css,48,css,2ba1a6cd,mfjacobsen,2025-04-11,15:14:14,-07:00,2025-04-11T15:14:14-07:00,0,18
style.css,49,css,2ba1a6cd,mfjacobsen,2025-04-11,15:14:14,-07:00,2025-04-11T15:14:14-07:00,0,24
style.css,50,css,2ba1a6cd,mfjacobsen,2025-04-11,15:14:14,-07:00,2025-04-11T15:14:14-07:00,0,26
style.css,51,css,dbd95e1e,mfjacobsen,2025-04-18,11:45:57,-07:00,2025-04-18T11:45:57-07:00,0,39
style.css,52,css,2ba1a6cd,mfjacobsen,2025-04-11,15:14:14,-07:00,2025-04-11T15:14:14-07:00,0,0
style.css,53,css,2ba1a6cd,mfjacobsen,2025-04-11,15:14:14,-07:00,2025-04-11T15:14:14-07:00,0,0
style.css,54,css,2ba1a6cd,mfjacobsen,2025-04-11,15:14:14,-07:00,2025-04-11T15:14:14-07:00,0,6
style.css,55,css,2ba1a6cd,mfjacobsen,2025-04-11,15:14:14,-07:00,2025-04-11T15:14:14-07:00,0,7
style.css,56,css,2ba1a6cd,mfjacobsen,2025-04-11,15:14:14,-07:00,2025-04-11T15:14:14-07:00,0,21
style.css,57,css,2ba1a6cd,mfjacobsen,2025-04-11,15:14:14,-07:00,2025-04-11T15:14:14-07:00,0,14
style.css,58,css,2ba1a6cd,mfjacobsen,2025-04-11,15:14:14,-07:00,2025-04-11T15:14:14-07:00,0,18
style.css,59,css,2ba1a6cd,mfjacobsen,2025-04-11,15:14:14,-07:00,2025-04-11T15:14:14-07:00,0,13
style.css,60,css,2ba1a6cd,mfjacobsen,2025-04-11,15:14:14,-07:00,2025-04-11T15:14:14-07:00,0,0
style.css,61,css,2ba1a6cd,mfjacobsen,2025-04-11,15:14:14,-07:00,2025-04-11T15:14:14-07:00,0,0
style.css,62,css,2ba1a6cd,mfjacobsen,2025-04-11,15:14:14,-07:00,2025-04-11T15:14:14-07:00,0,14
style.css,63,css,2ba1a6cd,mfjacobsen,2025-04-11,15:14:14,-07:00,2025-04-11T15:14:14-07:00,0,26
style.css,64,css,2ba1a6cd,mfjacobsen,2025-04-11,15:14:14,-07:00,2025-04-11T15:14:14-07:00,0,26
style.css,65,css,dbd95e1e,mfjacobsen,2025-04-18,11:45:57,-07:00,2025-04-18T11:45:57-07:00,0,40
style.css,66,css,2ba1a6cd,mfjacobsen,2025-04-11,15:14:14,-07:00,2025-04-11T15:14:14-07:00,0,20
style.css,67,css,2ba1a6cd,mfjacobsen,2025-04-11,15:14:14,-07:00,2025-04-11T15:14:14-07:00,0,0
style.css,68,css,2ba1a6cd,mfjacobsen,2025-04-11,15:14:14,-07:00,2025-04-11T15:14:14-07:00,0,0
style.css,69,css,2ba1a6cd,mfjacobsen,2025-04-11,15:14:14,-07:00,2025-04-11T15:14:14-07:00,0,12
style.css,70,css,2ba1a6cd,mfjacobsen,2025-04-11,15:14:14,-07:00,2025-04-11T15:14:14-07:00,0,20
style.css,71,css,2ba1a6cd,mfjacobsen,2025-04-11,15:14:14,-07:00,2025-04-11T15:14:14-07:00,0,26
style.css,72,css,dbd95e1e,mfjacobsen,2025-04-18,11:45:57,-07:00,2025-04-18T11:45:57-07:00,0,40
style.css,73,css,2ba1a6cd,mfjacobsen,2025-04-11,15:14:14,-07:00,2025-04-11T15:14:14-07:00,0,20
style.css,74,css,2ba1a6cd,mfjacobsen,2025-04-11,15:14:14,-07:00,2025-04-11T15:14:14-07:00,0,0
style.css,75,css,2ba1a6cd,mfjacobsen,2025-04-11,15:14:14,-07:00,2025-04-11T15:14:14-07:00,0,0
style.css,76,css,2ba1a6cd,mfjacobsen,2025-04-11,15:14:14,-07:00,2025-04-11T15:14:14-07:00,0,5
style.css,77,css,2ba1a6cd,mfjacobsen,2025-04-11,15:14:14,-07:00,2025-04-11T15:14:14-07:00,0,13
style.css,78,css,2ba1a6cd,mfjacobsen,2025-04-11,15:14:14,-07:00,2025-04-11T15:14:14-07:00,0,31
style.css,79,css,2ba1a6cd,mfjacobsen,2025-04-11,15:14:14,-07:00,2025-04-11T15:14:14-07:00,0,8
style.css,80,css,2ba1a6cd,mfjacobsen,2025-04-11,15:14:14,-07:00,2025-04-11T15:14:14-07:00,0,0
style.css,81,css,2ba1a6cd,mfjacobsen,2025-04-11,15:14:14,-07:00,2025-04-11T15:14:14-07:00,0,0
style.css,82,css,2ba1a6cd,mfjacobsen,2025-04-11,15:14:14,-07:00,2025-04-11T15:14:14-07:00,0,11
style.css,83,css,2ba1a6cd,mfjacobsen,2025-04-11,15:14:14,-07:00,2025-04-11T15:14:14-07:00,0,13
style.css,84,css,2ba1a6cd,mfjacobsen,2025-04-11,15:14:14,-07:00,2025-04-11T15:14:14-07:00,0,30
style.css,85,css,2ba1a6cd,mfjacobsen,2025-04-11,15:14:14,-07:00,2025-04-11T15:14:14-07:00,0,19
style.css,86,css,2ba1a6cd,mfjacobsen,2025-04-11,15:14:14,-07:00,2025-04-11T15:14:14-07:00,0,0
style.css,87,css,2ba1a6cd,mfjacobsen,2025-04-11,15:14:14,-07:00,2025-04-11T15:14:14-07:00,0,0
style.css,88,css,2ba1a6cd,mfjacobsen,2025-04-11,15:14:14,-07:00,2025-04-11T15:14:14-07:00,0,11
style.css,89,css,2ba1a6cd,mfjacobsen,2025-04-11,15:14:14,-07:00,2025-04-11T15:14:14-07:00,0,13
style.css,90,css,2ba1a6cd,mfjacobsen,2025-04-11,15:14:14,-07:00,2025-04-11T15:14:14-07:00,0,0
style.css,91,css,2ba1a6cd,mfjacobsen,2025-04-11,15:14:14,-07:00,2025-04-11T15:14:14-07:00,0,0
style.css,92,css,2ba1a6cd,mfjacobsen,2025-04-11,15:14:14,-07:00,2025-04-11T15:14:14-07:00,0,14
style.css,93,css,2ba1a6cd,mfjacobsen,2025-04-11,15:14:14,-07:00,2025-04-11T15:14:14-07:00,0,13
style.css,94,css,2ba1a6cd,mfjacobsen,2025-04-11,15:14:14,-07:00,2025-04-11T15:14:14-07:00,0,0
style.css,95,css,2ba1a6cd,mfjacobsen,2025-04-11,15:14:14,-07:00,2025-04-11T15:14:14-07:00,0,0
style.css,96,css,2ba1a6cd,mfjacobsen,2025-04-11,15:14:14,-07:00,2025-04-11T15:14:14-07:00,0,11
style.css,97,css,2ba1a6cd,mfjacobsen,2025-04-11,15:14:14,-07:00,2025-04-11T15:14:14-07:00,0,13
style.css,98,css,2ba1a6cd,mfjacobsen,2025-04-11,15:14:14,-07:00,2025-04-11T15:14:14-07:00,0,19
style.css,99,css,2ba1a6cd,mfjacobsen,2025-04-11,15:14:14,-07:00,2025-04-11T15:14:14-07:00,0,0
style.css,100,css,2ba1a6cd,mfjacobsen,2025-04-11,15:14:14,-07:00,2025-04-11T15:14:14-07:00,0,0
style.css,101,css,2ba1a6cd,mfjacobsen,2025-04-11,15:14:14,-07:00,2025-04-11T15:14:14-07:00,0,18
style.css,102,css,2ba1a6cd,mfjacobsen,2025-04-11,15:14:14,-07:00,2025-04-11T15:14:14-07:00,0,13
style.css,103,css,2ba1a6cd,mfjacobsen,2025-04-11,15:14:14,-07:00,2025-04-11T15:14:14-07:00,0,9
style.css,104,css,2ba1a6cd,mfjacobsen,2025-04-11,15:14:14,-07:00,2025-04-11T15:14:14-07:00,0,0
style.css,105,css,2ba1a6cd,mfjacobsen,2025-04-11,15:14:14,-07:00,2025-04-11T15:14:14-07:00,0,0
style.css,106,css,2ba1a6cd,mfjacobsen,2025-04-11,15:14:14,-07:00,2025-04-11T15:14:14-07:00,0,21
style.css,107,css,2ba1a6cd,mfjacobsen,2025-04-11,15:14:14,-07:00,2025-04-11T15:14:14-07:00,0,7
style.css,108,css,2ba1a6cd,mfjacobsen,2025-04-11,15:14:14,-07:00,2025-04-11T15:14:14-07:00,0,16
style.css,109,css,2ba1a6cd,mfjacobsen,2025-04-11,15:14:14,-07:00,2025-04-11T15:14:14-07:00,0,21
style.css,110,css,2ba1a6cd,mfjacobsen,2025-04-11,15:14:14,-07:00,2025-04-11T15:14:14-07:00,0,18
style.css,111,css,2ba1a6cd,mfjacobsen,2025-04-11,15:14:14,-07:00,2025-04-11T15:14:14-07:00,0,0
style.css,112,css,2ba1a6cd,mfjacobsen,2025-04-11,15:14:14,-07:00,2025-04-11T15:14:14-07:00,0,0
style.css,113,css,2ba1a6cd,mfjacobsen,2025-04-11,15:14:14,-07:00,2025-04-11T15:14:14-07:00,0,19
style.css,114,css,2ba1a6cd,mfjacobsen,2025-04-11,15:14:14,-07:00,2025-04-11T15:14:14-07:00,0,15
style.css,115,css,2ba1a6cd,mfjacobsen,2025-04-11,15:14:14,-07:00,2025-04-11T15:14:14-07:00,0,19
style.css,116,css,2ba1a6cd,mfjacobsen,2025-04-11,15:14:14,-07:00,2025-04-11T15:14:14-07:00,0,0
style.css,117,css,dbd95e1e,mfjacobsen,2025-04-18,11:45:57,-07:00,2025-04-18T11:45:57-07:00,0,0
style.css,118,css,dbd95e1e,mfjacobsen,2025-04-18,11:45:57,-07:00,2025-04-18T11:45:57-07:00,0,19
style.css,119,css,dbd95e1e,mfjacobsen,2025-04-18,11:45:57,-07:00,2025-04-18T11:45:57-07:00,0,18
style.css,120,css,dbd95e1e,mfjacobsen,2025-04-18,11:45:57,-07:00,2025-04-18T11:45:57-07:00,0,9
style.css,121,css,dbd95e1e,mfjacobsen,2025-04-18,11:45:57,-07:00,2025-04-18T11:45:57-07:00,0,11
style.css,122,css,dbd95e1e,mfjacobsen,2025-04-18,11:45:57,-07:00,2025-04-18T11:45:57-07:00,0,14
style.css,123,css,dbd95e1e,mfjacobsen,2025-04-18,11:45:57,-07:00,2025-04-18T11:45:57-07:00,0,20
style.css,124,css,ee11e47f,mfjacobsen,2025-04-25,12:28:22,-07:00,2025-04-25T12:28:22-07:00,0,0
style.css,125,css,ee11e47f,mfjacobsen,2025-04-25,12:28:22,-07:00,2025-04-25T12:28:22-07:00,0,0
style.css,126,css,ee11e47f,mfjacobsen,2025-04-25,12:28:22,-07:00,2025-04-25T12:28:22-07:00,0,15
style.css,127,css,ee11e47f,mfjacobsen,2025-04-25,12:28:22,-07:00,2025-04-25T12:28:22-07:00,0,16
style.css,128,css,ee11e47f,mfjacobsen,2025-04-25,12:28:22,-07:00,2025-04-25T12:28:22-07:00,0,18
style.css,129,css,ee11e47f,mfjacobsen,2025-04-25,12:28:22,-07:00,2025-04-25T12:28:22-07:00,0,0
style.css,130,css,ee11e47f,mfjacobsen,2025-04-25,12:28:22,-07:00,2025-04-25T12:28:22-07:00,0,0
style.css,131,css,ee11e47f,mfjacobsen,2025-04-25,12:28:22,-07:00,2025-04-25T12:28:22-07:00,0,18
style.css,132,css,ee11e47f,mfjacobsen,2025-04-25,12:28:22,-07:00,2025-04-25T12:28:22-07:00,0,17
style.css,133,css,ee11e47f,mfjacobsen,2025-04-25,12:28:22,-07:00,2025-04-25T12:28:22-07:00,0,17
style.css,134,css,ee11e47f,mfjacobsen,2025-04-25,12:28:22,-07:00,2025-04-25T12:28:22-07:00,0,19
style.css,135,css,ee11e47f,mfjacobsen,2025-04-25,12:28:22,-07:00,2025-04-25T12:28:22-07:00,0,0
style.css,136,css,ee11e47f,mfjacobsen,2025-04-25,12:28:22,-07:00,2025-04-25T12:28:22-07:00,0,0
style.css,137,css,ee11e47f,mfjacobsen,2025-04-25,12:28:22,-07:00,2025-04-25T12:28:22-07:00,0,12
style.css,138,css,ee11e47f,mfjacobsen,2025-04-25,12:28:22,-07:00,2025-04-25T12:28:22-07:00,0,13
style.css,139,css,ee11e47f,mfjacobsen,2025-04-25,12:28:22,-07:00,2025-04-25T12:28:22-07:00,0,37
style.css,140,css,ee11e47f,mfjacobsen,2025-04-25,12:28:22,-07:00,2025-04-25T12:28:22-07:00,0,9
style.css,141,css,ee11e47f,mfjacobsen,2025-04-25,12:28:22,-07:00,2025-04-25T12:28:22-07:00,0,21
style.css,142,css,ee11e47f,mfjacobsen,2025-04-25,12:28:22,-07:00,2025-04-25T12:28:22-07:00,0,19
style.css,143,css,ee11e47f,mfjacobsen,2025-04-25,12:28:22,-07:00,2025-04-25T12:28:22-07:00,0,25
style.css,144,css,ee11e47f,mfjacobsen,2025-04-25,12:28:22,-07:00,2025-04-25T12:28:22-07:00,0,17
style.css,145,css,ee11e47f,mfjacobsen,2025-04-25,12:28:22,-07:00,2025-04-25T12:28:22-07:00,0,14
style.css,146,css,ee11e47f,mfjacobsen,2025-04-25,12:28:22,-07:00,2025-04-25T12:28:22-07:00,0,19
style.css,147,css,ee11e47f,mfjacobsen,2025-04-25,12:28:22,-07:00,2025-04-25T12:28:22-07:00,0,0
style.css,148,css,ee11e47f,mfjacobsen,2025-04-25,12:28:22,-07:00,2025-04-25T12:28:22-07:00,0,0
style.css,149,css,ee11e47f,mfjacobsen,2025-04-25,12:28:22,-07:00,2025-04-25T12:28:22-07:00,0,16
style.css,150,css,ee11e47f,mfjacobsen,2025-04-25,12:28:22,-07:00,2025-04-25T12:28:22-07:00,0,13
style.css,151,css,ee11e47f,mfjacobsen,2025-04-25,12:28:22,-07:00,2025-04-25T12:28:22-07:00,0,22
style.css,152,css,ee11e47f,mfjacobsen,2025-04-25,12:28:22,-07:00,2025-04-25T12:28:22-07:00,0,19
style.css,153,css,ee11e47f,mfjacobsen,2025-04-25,12:28:22,-07:00,2025-04-25T12:28:22-07:00,0,0
style.css,154,css,ee11e47f,mfjacobsen,2025-04-25,12:28:22,-07:00,2025-04-25T12:28:22-07:00,0,0
style.css,155,css,ee11e47f,mfjacobsen,2025-04-25,12:28:22,-07:00,2025-04-25T12:28:22-07:00,0,15
style.css,156,css,ee11e47f,mfjacobsen,2025-04-25,12:28:22,-07:00,2025-04-25T12:28:22-07:00,0,21
style.css,157,css,ee11e47f,mfjacobsen,2025-04-25,12:28:22,-07:00,2025-04-25T12:28:22-07:00,0,16
style.css,158,css,ee11e47f,mfjacobsen,2025-04-25,12:28:22,-07:00,2025-04-25T12:28:22-07:00,0,21
style.css,159,css,ee11e47f,mfjacobsen,2025-04-25,12:28:22,-07:00,2025-04-25T12:28:22-07:00,0,0
style.css,160,css,ee11e47f,mfjacobsen,2025-04-25,12:28:22,-07:00,2025-04-25T12:28:22-07:00,0,0
style.css,161,css,ee11e47f,mfjacobsen,2025-04-25,12:28:22,-07:00,2025-04-25T12:28:22-07:00,0,15
style.css,162,css,ee11e47f,mfjacobsen,2025-04-25,12:28:22,-07:00,2025-04-25T12:28:22-07:00,0,9
style.css,163,css,ee11e47f,mfjacobsen,2025-04-25,12:28:22,-07:00,2025-04-25T12:28:22-07:00,0,15
style.css,164,css,ee11e47f,mfjacobsen,2025-04-25,12:28:22,-07:00,2025-04-25T12:28:22-07:00,0,17
style.css,165,css,ee11e47f,mfjacobsen,2025-04-25,12:28:22,-07:00,2025-04-25T12:28:22-07:00,0,11
style.css,166,css,ee11e47f,mfjacobsen,2025-04-25,12:28:22,-07:00,2025-04-25T12:28:22-07:00,0,0
style.css,167,css,ee11e47f,mfjacobsen,2025-04-25,12:28:22,-07:00,2025-04-25T12:28:22-07:00,0,14
style.css,168,css,ee11e47f,mfjacobsen,2025-04-25,12:28:22,-07:00,2025-04-25T12:28:22-07:00,0,11
style.css,169,css,ee11e47f,mfjacobsen,2025-04-25,12:28:22,-07:00,2025-04-25T12:28:22-07:00,0,16
style.css,170,css,ee11e47f,mfjacobsen,2025-04-25,12:28:22,-07:00,2025-04-25T12:28:22-07:00,0,12
style.css,171,css,ee11e47f,mfjacobsen,2025-04-25,12:28:22,-07:00,2025-04-25T12:28:22-07:00,0,17
style.css,172,css,ee11e47f,mfjacobsen,2025-04-25,12:28:22,-07:00,2025-04-25T12:28:22-07:00,0,18
style.css,173,css,26fef79b,mfjacobsen,2025-05-02,11:25:07,-07:00,2025-05-02T11:25:07-07:00,0,0
style.css,174,css,26fef79b,mfjacobsen,2025-05-02,11:25:07,-07:00,2025-05-02T11:25:07-07:00,0,0
style.css,175,css,26fef79b,mfjacobsen,2025-05-02,11:25:07,-07:00,2025-05-02T11:25:07-07:00,0,19
style.css,176,css,26fef79b,mfjacobsen,2025-05-02,11:25:07,-07:00,2025-05-02T11:25:07-07:00,0,15
style.css,177,css,26fef79b,mfjacobsen,2025-05-02,11:25:07,-07:00,2025-05-02T11:25:07-07:00,0,17
style.css,178,css,26fef79b,mfjacobsen,2025-05-02,11:25:07,-07:00,2025-05-02T11:25:07-07:00,0,17
style.css,179,css,26fef79b,mfjacobsen,2025-05-02,11:25:07,-07:00,2025-05-02T11:25:07-07:00,0,0
style.css,180,css,26fef79b,mfjacobsen,2025-05-02,11:25:07,-07:00,2025-05-02T11:25:07-07:00,0,0
style.css,181,css,26fef79b,mfjacobsen,2025-05-02,11:25:07,-07:00,2025-05-02T11:25:07-07:00,0,15
style.css,182,css,07c3dfa6,mfjacobsen,2025-05-03,17:23:40,-07:00,2025-05-03T17:23:40-07:00,0,12
style.css,183,css,26fef79b,mfjacobsen,2025-05-02,11:25:07,-07:00,2025-05-02T11:25:07-07:00,0,19
style.css,184,css,07c3dfa6,mfjacobsen,2025-05-03,17:23:40,-07:00,2025-05-03T17:23:40-07:00,0,8
style.css,185,css,26fef79b,mfjacobsen,2025-05-02,11:25:07,-07:00,2025-05-02T11:25:07-07:00,0,0
style.css,186,css,26fef79b,mfjacobsen,2025-05-02,11:25:07,-07:00,2025-05-02T11:25:07-07:00,0,0
style.css,187,css,26fef79b,mfjacobsen,2025-05-02,11:25:07,-07:00,2025-05-02T11:25:07-07:00,0,8
style.css,188,css,26fef79b,mfjacobsen,2025-05-02,11:25:07,-07:00,2025-05-02T11:25:07-07:00,0,13
style.css,189,css,07c3dfa6,mfjacobsen,2025-05-03,17:23:40,-07:00,2025-05-03T17:23:40-07:00,0,58
style.css,190,css,26fef79b,mfjacobsen,2025-05-02,11:25:07,-07:00,2025-05-02T11:25:07-07:00,0,17
style.css,191,css,07c3dfa6,mfjacobsen,2025-05-03,17:23:40,-07:00,2025-05-03T17:23:40-07:00,0,19
style.css,192,css,07c3dfa6,mfjacobsen,2025-05-03,17:23:40,-07:00,2025-05-03T17:23:40-07:00,0,6
style.css,193,css,07c3dfa6,mfjacobsen,2025-05-03,17:23:40,-07:00,2025-05-03T17:23:40-07:00,0,0
style.css,194,css,07c3dfa6,mfjacobsen,2025-05-03,17:23:40,-07:00,2025-05-03T17:23:40-07:00,0,18
style.css,195,css,07c3dfa6,mfjacobsen,2025-05-03,17:23:40,-07:00,2025-05-03T17:23:40-07:00,0,25
style.css,196,css,07c3dfa6,mfjacobsen,2025-05-03,17:23:40,-07:00,2025-05-03T17:23:40-07:00,0,25
style.css,197,css,07c3dfa6,mfjacobsen,2025-05-03,17:23:40,-07:00,2025-05-03T17:23:40-07:00,0,21
style.css,198,css,07c3dfa6,mfjacobsen,2025-05-03,17:23:40,-07:00,2025-05-03T17:23:40-07:00,0,41
style.css,199,css,26fef79b,mfjacobsen,2025-05-02,11:25:07,-07:00,2025-05-02T11:25:07-07:00,0,0
style.css,200,css,26fef79b,mfjacobsen,2025-05-02,11:25:07,-07:00,2025-05-02T11:25:07-07:00,0,0
style.css,201,css,26fef79b,mfjacobsen,2025-05-02,11:25:07,-07:00,2025-05-02T11:25:07-07:00,0,13
style.css,202,css,26fef79b,mfjacobsen,2025-05-02,11:25:07,-07:00,2025-05-02T11:25:07-07:00,0,13
style.css,203,css,26fef79b,mfjacobsen,2025-05-02,11:25:07,-07:00,2025-05-02T11:25:07-07:00,0,19
style.css,204,css,07c3dfa6,mfjacobsen,2025-05-03,17:23:40,-07:00,2025-05-03T17:23:40-07:00,0,8
style.css,205,css,26fef79b,mfjacobsen,2025-05-02,11:25:07,-07:00,2025-05-02T11:25:07-07:00,0,0
style.css,206,css,26fef79b,mfjacobsen,2025-05-02,11:25:07,-07:00,2025-05-02T11:25:07-07:00,0,0
style.css,207,css,26fef79b,mfjacobsen,2025-05-02,11:25:07,-07:00,2025-05-02T11:25:07-07:00,0,16
style.css,208,css,26fef79b,mfjacobsen,2025-05-02,11:25:07,-07:00,2025-05-02T11:25:07-07:00,0,21
style.css,209,css,26fef79b,mfjacobsen,2025-05-02,11:25:07,-07:00,2025-05-02T11:25:07-07:00,0,10
style.css,210,css,26fef79b,mfjacobsen,2025-05-02,11:25:07,-07:00,2025-05-02T11:25:07-07:00,0,19
style.css,211,css,26fef79b,mfjacobsen,2025-05-02,11:25:07,-07:00,2025-05-02T11:25:07-07:00,0,30
style.css,212,css,26fef79b,mfjacobsen,2025-05-02,11:25:07,-07:00,2025-05-02T11:25:07-07:00,0,21
style.css,213,css,07c3dfa6,mfjacobsen,2025-05-03,17:23:40,-07:00,2025-05-03T17:23:40-07:00,0,0
style.css,214,css,07c3dfa6,mfjacobsen,2025-05-03,17:23:40,-07:00,2025-05-03T17:23:40-07:00,0,0
style.css,215,css,07c3dfa6,mfjacobsen,2025-05-03,17:23:40,-07:00,2025-05-03T17:23:40-07:00,0,37
style.css,216,css,07c3dfa6,mfjacobsen,2025-05-03,17:23:40,-07:00,2025-05-03T17:23:40-07:00,0,12
style.css,217,css,07c3dfa6,mfjacobsen,2025-05-03,17:23:40,-07:00,2025-05-03T17:23:40-07:00,0,0
style.css,218,css,07c3dfa6,mfjacobsen,2025-05-03,17:23:40,-07:00,2025-05-03T17:23:40-07:00,0,0
style.css,219,css,07c3dfa6,mfjacobsen,2025-05-03,17:23:40,-07:00,2025-05-03T17:23:40-07:00,0,5
style.css,220,css,07c3dfa6,mfjacobsen,2025-05-03,17:23:40,-07:00,2025-05-03T17:23:40-07:00,0,17
style.css,221,css,07c3dfa6,mfjacobsen,2025-05-03,17:23:40,-07:00,2025-05-03T17:23:40-07:00,0,15
style.css,222,css,07c3dfa6,mfjacobsen,2025-05-03,17:23:40,-07:00,2025-05-03T17:23:40-07:00,0,0
style.css,223,css,07c3dfa6,mfjacobsen,2025-05-03,17:23:40,-07:00,2025-05-03T17:23:40-07:00,0,0
style.css,224,css,07c3dfa6,mfjacobsen,2025-05-03,17:23:40,-07:00,2025-05-03T17:23:40-07:00,0,10
style.css,225,css,07c3dfa6,mfjacobsen,2025-05-03,17:23:40,-07:00,2025-05-03T17:23:40-07:00,0,36
style.css,226,css,07c3dfa6,mfjacobsen,2025-05-03,17:23:40,-07:00,2025-05-03T17:23:40-07:00,0,0
style.css,227,css,07c3dfa6,mfjacobsen,2025-05-03,17:23:40,-07:00,2025-05-03T17:23:40-07:00,0,0
style.css,228,css,07c3dfa6,mfjacobsen,2025-05-03,17:23:40,-07:00,2025-05-03T17:23:40-07:00,0,19
style.css,229,css,07c3dfa6,mfjacobsen,2025-05-03,17:23:40,-07:00,2025-05-03T17:23:40-07:00,0,18
style.css,230,css,07c3dfa6,mfjacobsen,2025-05-03,17:23:40,-07:00,2025-05-03T17:23:40-07:00,0,0
style.css,231,css,07c3dfa6,mfjacobsen,2025-05-03,17:23:40,-07:00,2025-05-03T17:23:40-07:00,0,0
style.css,232,css,07c3dfa6,mfjacobsen,2025-05-03,17:23:40,-07:00,2025-05-03T17:23:40-07:00,0,22
style.css,233,css,07c3dfa6,mfjacobsen,2025-05-03,17:23:40,-07:00,2025-05-03T17:23:40-07:00,0,17
style.css,234,css,07c3dfa6,mfjacobsen,2025-05-03,17:23:40,-07:00,2025-05-03T17:23:40-07:00,0,16
style.css,235,css,07c3dfa6,mfjacobsen,2025-05-03,17:23:40,-07:00,2025-05-03T17:23:40-07:00,0,20
style.css,236,css,dbd95e1e,mfjacobsen,2025-04-18,11:45:57,-07:00,2025-04-18T11:45:57-07:00,0,0
index.js,1,js,ee11e47f,mfjacobsen,2025-04-25,12:28:22,-07:00,2025-04-25T12:28:22-07:00,0,71
index.js,2,js,ee11e47f,mfjacobsen,2025-04-25,12:28:22,-07:00,2025-04-25T12:28:22-07:00,0,0
index.js,3,js,ee11e47f,mfjacobsen,2025-04-25,12:28:22,-07:00,2025-04-25T12:28:22-07:00,0,61
index.js,4,js,ee11e47f,mfjacobsen,2025-04-25,12:28:22,-07:00,2025-04-25T12:28:22-07:00,0,0
index.js,5,js,ee11e47f,mfjacobsen,2025-04-25,12:28:22,-07:00,2025-04-25T12:28:22-07:00,0,55
index.js,6,js,ee11e47f,mfjacobsen,2025-04-25,12:28:22,-07:00,2025-04-25T12:28:22-07:00,0,43
index.js,7,js,ee11e47f,mfjacobsen,2025-04-25,12:28:22,-07:00,2025-04-25T12:28:22-07:00,0,0
index.js,8,js,ee11e47f,mfjacobsen,2025-04-25,12:28:22,-07:00,2025-04-25T12:28:22-07:00,0,55
index.js,9,js,ee11e47f,mfjacobsen,2025-04-25,12:28:22,-07:00,2025-04-25T12:28:22-07:00,0,0
index.js,10,js,ee11e47f,mfjacobsen,2025-04-25,12:28:22,-07:00,2025-04-25T12:28:22-07:00,0,54
index.js,11,js,ee11e47f,mfjacobsen,2025-04-25,12:28:22,-07:00,2025-04-25T12:28:22-07:00,0,0
index.js,12,js,ee11e47f,mfjacobsen,2025-04-25,12:28:22,-07:00,2025-04-25T12:28:22-07:00,0,61
index.js,13,js,ee11e47f,mfjacobsen,2025-04-25,12:28:22,-07:00,2025-04-25T12:28:22-07:00,0,0
index.js,14,js,ee11e47f,mfjacobsen,2025-04-25,12:28:22,-07:00,2025-04-25T12:28:22-07:00,0,18
index.js,15,js,ee11e47f,mfjacobsen,2025-04-25,12:28:22,-07:00,2025-04-25T12:28:22-07:00,0,25
index.js,16,js,ee11e47f,mfjacobsen,2025-04-25,12:28:22,-07:00,2025-04-25T12:28:22-07:00,0,22
index.js,17,js,ee11e47f,mfjacobsen,2025-04-25,12:28:22,-07:00,2025-04-25T12:28:22-07:00,0,60
index.js,18,js,ee11e47f,mfjacobsen,2025-04-25,12:28:22,-07:00,2025-04-25T12:28:22-07:00,0,60
index.js,19,js,ee11e47f,mfjacobsen,2025-04-25,12:28:22,-07:00,2025-04-25T12:28:22-07:00,0,66
index.js,20,js,ee11e47f,mfjacobsen,2025-04-25,12:28:22,-07:00,2025-04-25T12:28:22-07:00,0,66
index.js,21,js,ee11e47f,mfjacobsen,2025-04-25,12:28:22,-07:00,2025-04-25T12:28:22-07:00,0,4
index.js,22,js,ee11e47f,mfjacobsen,2025-04-25,12:28:22,-07:00,2025-04-25T12:28:22-07:00,0,1
index.js,23,js,ee11e47f,mfjacobsen,2025-04-25,12:28:22,-07:00,2025-04-25T12:28:22-07:00,0,0
index.html,1,html,3e68e3d1,mfjacobsen,2025-04-04,17:47:15,-07:00,2025-04-04T17:47:15-07:00,0,14
index.html,2,html,3e68e3d1,mfjacobsen,2025-04-04,17:47:15,-07:00,2025-04-04T17:47:15-07:00,0,15
index.html,3,html,2ba1a6cd,mfjacobsen,2025-04-11,15:14:14,-07:00,2025-04-11T15:14:14-07:00,0,0
index.html,4,html,3e68e3d1,mfjacobsen,2025-04-04,17:47:15,-07:00,2025-04-04T17:47:15-07:00,0,5
index.html,5,html,3e68e3d1,mfjacobsen,2025-04-04,17:47:15,-07:00,2025-04-04T17:47:15-07:00,0,21
index.html,6,html,3e68e3d1,mfjacobsen,2025-04-04,17:47:15,-07:00,2025-04-04T17:47:15-07:00,0,69
index.html,7,html,3e68e3d1,mfjacobsen,2025-04-04,17:47:15,-07:00,2025-04-04T17:47:15-07:00,0,59
index.html,8,html,97d4a117,mfjacobsen,2025-04-04,19:37:28,-07:00,2025-04-04T19:37:28-07:00,0,39
index.html,9,html,ee11e47f,mfjacobsen,2025-04-25,12:28:22,-07:00,2025-04-25T12:28:22-07:00,0,49
index.html,10,html,ee11e47f,mfjacobsen,2025-04-25,12:28:22,-07:00,2025-04-25T12:28:22-07:00,0,53
index.html,11,html,3e68e3d1,mfjacobsen,2025-04-04,17:47:15,-07:00,2025-04-04T17:47:15-07:00,0,6
index.html,12,html,2ba1a6cd,mfjacobsen,2025-04-11,15:14:14,-07:00,2025-04-11T15:14:14-07:00,0,0
index.html,13,html,3e68e3d1,mfjacobsen,2025-04-04,17:47:15,-07:00,2025-04-04T17:47:15-07:00,0,5
index.html,14,html,2ba1a6cd,mfjacobsen,2025-04-11,15:14:14,-07:00,2025-04-11T15:14:14-07:00,0,30
index.html,15,html,2ba1a6cd,mfjacobsen,2025-04-11,15:14:14,-07:00,2025-04-11T15:14:14-07:00,0,0
index.html,16,html,2ba1a6cd,mfjacobsen,2025-04-11,15:14:14,-07:00,2025-04-11T15:14:14-07:00,0,3
index.html,17,html,2ba1a6cd,mfjacobsen,2025-04-11,15:14:14,-07:00,2025-04-11T15:14:14-07:00,0,15
index.html,18,html,2ba1a6cd,mfjacobsen,2025-04-11,15:14:14,-07:00,2025-04-11T15:14:14-07:00,0,4
index.html,19,html,2ba1a6cd,mfjacobsen,2025-04-11,15:14:14,-07:00,2025-04-11T15:14:14-07:00,0,2
index.html,20,html,2ba1a6cd,mfjacobsen,2025-04-11,15:14:14,-07:00,2025-04-11T15:14:14-07:00,0,174
index.html,21,html,2ba1a6cd,mfjacobsen,2025-04-11,15:14:14,-07:00,2025-04-11T15:14:14-07:00,0,3
index.html,22,html,ee11e47f,mfjacobsen,2025-04-25,12:28:22,-07:00,2025-04-25T12:28:22-07:00,0,23
index.html,23,html,ee11e47f,mfjacobsen,2025-04-25,12:28:22,-07:00,2025-04-25T12:28:22-07:00,0,27
index.html,24,html,ee11e47f,mfjacobsen,2025-04-25,12:28:22,-07:00,2025-04-25T12:28:22-07:00,0,28
index.html,25,html,ee11e47f,mfjacobsen,2025-04-25,12:28:22,-07:00,2025-04-25T12:28:22-07:00,0,43
index.html,26,html,3e68e3d1,mfjacobsen,2025-04-04,17:47:15,-07:00,2025-04-04T17:47:15-07:00,0,6
index.html,27,html,2ba1a6cd,mfjacobsen,2025-04-11,15:14:14,-07:00,2025-04-11T15:14:14-07:00,0,0
index.html,28,html,3e68e3d1,mfjacobsen,2025-04-04,17:47:15,-07:00,2025-04-04T17:47:15-07:00,0,6
global.js,1,js,dbd95e1e,mfjacobsen,2025-04-18,11:45:57,-07:00,2025-04-18T11:45:57-07:00,0,89
global.js,2,js,ee11e47f,mfjacobsen,2025-04-25,12:28:22,-07:00,2025-04-25T12:28:22-07:00,0,21
global.js,3,js,ee11e47f,mfjacobsen,2025-04-25,12:28:22,-07:00,2025-04-25T12:28:22-07:00,0,42
global.js,4,js,dbd95e1e,mfjacobsen,2025-04-18,11:45:57,-07:00,2025-04-18T11:45:57-07:00,0,0
global.js,5,js,dbd95e1e,mfjacobsen,2025-04-18,11:45:57,-07:00,2025-04-18T11:45:57-07:00,0,42
global.js,6,js,dbd95e1e,mfjacobsen,2025-04-18,11:45:57,-07:00,2025-04-18T11:45:57-07:00,0,53
global.js,7,js,dbd95e1e,mfjacobsen,2025-04-18,11:45:57,-07:00,2025-04-18T11:45:57-07:00,0,1
global.js,8,js,dbd95e1e,mfjacobsen,2025-04-18,11:45:57,-07:00,2025-04-18T11:45:57-07:00,0,0
global.js,9,js,dbd95e1e,mfjacobsen,2025-04-18,11:45:57,-07:00,2025-04-18T11:45:57-07:00,0,32
global.js,10,js,dbd95e1e,mfjacobsen,2025-04-18,11:45:57,-07:00,2025-04-18T11:45:57-07:00,0,12
global.js,11,js,dbd95e1e,mfjacobsen,2025-04-18,11:45:57,-07:00,2025-04-18T11:45:57-07:00,0,66
global.js,12,js,dbd95e1e,mfjacobsen,2025-04-18,11:45:57,-07:00,2025-04-18T11:45:57-07:00,0,7
global.js,13,js,dbd95e1e,mfjacobsen,2025-04-18,11:45:57,-07:00,2025-04-18T11:45:57-07:00,0,61
global.js,14,js,dbd95e1e,mfjacobsen,2025-04-18,11:45:57,-07:00,2025-04-18T11:45:57-07:00,0,0
global.js,15,js,dbd95e1e,mfjacobsen,2025-04-18,11:45:57,-07:00,2025-04-18T11:45:57-07:00,0,0
global.js,16,js,dbd95e1e,mfjacobsen,2025-04-18,11:45:57,-07:00,2025-04-18T11:45:57-07:00,0,0
global.js,17,js,ee11e47f,mfjacobsen,2025-04-25,12:28:22,-07:00,2025-04-25T12:28:22-07:00,0,37
global.js,18,js,ee11e47f,mfjacobsen,2025-04-25,12:28:22,-07:00,2025-04-25T12:28:22-07:00,0,4
global.js,19,js,ee11e47f,mfjacobsen,2025-04-25,12:28:22,-07:00,2025-04-25T12:28:22-07:00,0,40
global.js,20,js,ee11e47f,mfjacobsen,2025-04-25,12:28:22,-07:00,2025-04-25T12:28:22-07:00,0,33
global.js,21,js,ee11e47f,mfjacobsen,2025-04-25,12:28:22,-07:00,2025-04-25T12:28:22-07:00,0,18
global.js,22,js,ee11e47f,mfjacobsen,2025-04-25,12:28:22,-07:00,2025-04-25T12:28:22-07:00,0,67
global.js,23,js,ee11e47f,mfjacobsen,2025-04-25,12:28:22,-07:00,2025-04-25T12:28:22-07:00,0,0
global.js,24,js,ee11e47f,mfjacobsen,2025-04-25,12:28:22,-07:00,2025-04-25T12:28:22-07:00,0,20
global.js,25,js,ee11e47f,mfjacobsen,2025-04-25,12:28:22,-07:00,2025-04-25T12:28:22-07:00,0,34
global.js,26,js,ee11e47f,mfjacobsen,2025-04-25,12:28:22,-07:00,2025-04-25T12:28:22-07:00,0,11
global.js,27,js,ee11e47f,mfjacobsen,2025-04-25,12:28:22,-07:00,2025-04-25T12:28:22-07:00,0,16
global.js,28,js,ee11e47f,mfjacobsen,2025-04-25,12:28:22,-07:00,2025-04-25T12:28:22-07:00,0,60
global.js,29,js,ee11e47f,mfjacobsen,2025-04-25,12:28:22,-07:00,2025-04-25T12:28:22-07:00,0,0
global.js,30,js,ee11e47f,mfjacobsen,2025-04-25,12:28:22,-07:00,2025-04-25T12:28:22-07:00,0,0
global.js,31,js,ee11e47f,mfjacobsen,2025-04-25,12:28:22,-07:00,2025-04-25T12:28:22-07:00,0,28
global.js,32,js,ee11e47f,mfjacobsen,2025-04-25,12:28:22,-07:00,2025-04-25T12:28:22-07:00,0,0
global.js,33,js,ee11e47f,mfjacobsen,2025-04-25,12:28:22,-07:00,2025-04-25T12:28:22-07:00,0,80
global.js,34,js,ee11e47f,mfjacobsen,2025-04-25,12:28:22,-07:00,2025-04-25T12:28:22-07:00,0,31
global.js,35,js,ee11e47f,mfjacobsen,2025-04-25,12:28:22,-07:00,2025-04-25T12:28:22-07:00,0,0
global.js,36,js,ee11e47f,mfjacobsen,2025-04-25,12:28:22,-07:00,2025-04-25T12:28:22-07:00,0,58
global.js,37,js,ee11e47f,mfjacobsen,2025-04-25,12:28:22,-07:00,2025-04-25T12:28:22-07:00,0,77
global.js,38,js,ee11e47f,mfjacobsen,2025-04-25,12:28:22,-07:00,2025-04-25T12:28:22-07:00,0,0
global.js,39,js,ee11e47f,mfjacobsen,2025-04-25,12:28:22,-07:00,2025-04-25T12:28:22-07:00,0,28
global.js,40,js,ee11e47f,mfjacobsen,2025-04-25,12:28:22,-07:00,2025-04-25T12:28:22-07:00,0,49
global.js,41,js,ee11e47f,mfjacobsen,2025-04-25,12:28:22,-07:00,2025-04-25T12:28:22-07:00,0,0
global.js,42,js,ee11e47f,mfjacobsen,2025-04-25,12:28:22,-07:00,2025-04-25T12:28:22-07:00,0,20
global.js,43,js,ee11e47f,mfjacobsen,2025-04-25,12:28:22,-07:00,2025-04-25T12:28:22-07:00,0,46
global.js,44,js,ee11e47f,mfjacobsen,2025-04-25,12:28:22,-07:00,2025-04-25T12:28:22-07:00,0,50
global.js,45,js,26fef79b,mfjacobsen,2025-05-02,11:25:07,-07:00,2025-05-02T11:25:07-07:00,0,4
global.js,46,js,ee11e47f,mfjacobsen,2025-04-25,12:28:22,-07:00,2025-04-25T12:28:22-07:00,0,28
global.js,47,js,26fef79b,mfjacobsen,2025-05-02,11:25:07,-07:00,2025-05-02T11:25:07-07:00,0,24
global.js,48,js,26fef79b,mfjacobsen,2025-05-02,11:25:07,-07:00,2025-05-02T11:25:07-07:00,0,5
global.js,49,js,ee11e47f,mfjacobsen,2025-04-25,12:28:22,-07:00,2025-04-25T12:28:22-07:00,0,1
global.js,50,js,ee11e47f,mfjacobsen,2025-04-25,12:28:22,-07:00,2025-04-25T12:28:22-07:00,0,0
global.js,51,js,ee11e47f,mfjacobsen,2025-04-25,12:28:22,-07:00,2025-04-25T12:28:22-07:00,0,37
global.js,52,js,ee11e47f,mfjacobsen,2025-04-25,12:28:22,-07:00,2025-04-25T12:28:22-07:00,0,2
global.js,53,js,ee11e47f,mfjacobsen,2025-04-25,12:28:22,-07:00,2025-04-25T12:28:22-07:00,0,0
global.js,54,js,ee11e47f,mfjacobsen,2025-04-25,12:28:22,-07:00,2025-04-25T12:28:22-07:00,0,0
global.js,55,js,ee11e47f,mfjacobsen,2025-04-25,12:28:22,-07:00,2025-04-25T12:28:22-07:00,0,38
global.js,56,js,ee11e47f,mfjacobsen,2025-04-25,12:28:22,-07:00,2025-04-25T12:28:22-07:00,0,0
global.js,57,js,ee11e47f,mfjacobsen,2025-04-25,12:28:22,-07:00,2025-04-25T12:28:22-07:00,0,48
global.js,58,js,ee11e47f,mfjacobsen,2025-04-25,12:28:22,-07:00,2025-04-25T12:28:22-07:00,0,60
global.js,59,js,ee11e47f,mfjacobsen,2025-04-25,12:28:22,-07:00,2025-04-25T12:28:22-07:00,0,0
global.js,60,js,ee11e47f,mfjacobsen,2025-04-25,12:28:22,-07:00,2025-04-25T12:28:22-07:00,0,0
global.js,61,js,dbd95e1e,mfjacobsen,2025-04-18,11:45:57,-07:00,2025-04-18T11:45:57-07:00,0,12
global.js,62,js,dbd95e1e,mfjacobsen,2025-04-18,11:45:57,-07:00,2025-04-18T11:45:57-07:00,0,26
global.js,63,js,dbd95e1e,mfjacobsen,2025-04-18,11:45:57,-07:00,2025-04-18T11:45:57-07:00,0,39
global.js,64,js,dbd95e1e,mfjacobsen,2025-04-18,11:45:57,-07:00,2025-04-18T11:45:57-07:00,0,35
global.js,65,js,dbd95e1e,mfjacobsen,2025-04-18,11:45:57,-07:00,2025-04-18T11:45:57-07:00,0,37
global.js,66,js,00000000,Not Committed Yet,2025-05-09,09:29:58,-07:00,2025-05-09T09:29:58-07:00,0,30
global.js,67,js,dbd95e1e,mfjacobsen,2025-04-18,11:45:57,-07:00,2025-04-18T11:45:57-07:00,0,56
global.js,68,js,dbd95e1e,mfjacobsen,2025-04-18,11:45:57,-07:00,2025-04-18T11:45:57-07:00,0,0
global.js,69,js,dbd95e1e,mfjacobsen,2025-04-18,11:45:57,-07:00,2025-04-18T11:45:57-07:00,0,0
global.js,70,js,dbd95e1e,mfjacobsen,2025-04-18,11:45:57,-07:00,2025-04-18T11:45:57-07:00,0,0
global.js,71,js,dbd95e1e,mfjacobsen,2025-04-18,11:45:57,-07:00,2025-04-18T11:45:57-07:00,0,39
global.js,72,js,dbd95e1e,mfjacobsen,2025-04-18,11:45:57,-07:00,2025-04-18T11:45:57-07:00,0,26
global.js,73,js,dbd95e1e,mfjacobsen,2025-04-18,11:45:57,-07:00,2025-04-18T11:45:57-07:00,0,0
global.js,74,js,dbd95e1e,mfjacobsen,2025-04-18,11:45:57,-07:00,2025-04-18T11:45:57-07:00,0,21
global.js,75,js,dbd95e1e,mfjacobsen,2025-04-18,11:45:57,-07:00,2025-04-18T11:45:57-07:00,0,15
global.js,76,js,dbd95e1e,mfjacobsen,2025-04-18,11:45:57,-07:00,2025-04-18T11:45:57-07:00,0,0
global.js,77,js,ee11e47f,mfjacobsen,2025-04-25,12:28:22,-07:00,2025-04-25T12:28:22-07:00,0,53
global.js,78,js,dbd95e1e,mfjacobsen,2025-04-18,11:45:57,-07:00,2025-04-18T11:45:57-07:00,0,0
global.js,79,js,dbd95e1e,mfjacobsen,2025-04-18,11:45:57,-07:00,2025-04-18T11:45:57-07:00,0,19
global.js,80,js,dbd95e1e,mfjacobsen,2025-04-18,11:45:57,-07:00,2025-04-18T11:45:57-07:00,0,35
global.js,81,js,dbd95e1e,mfjacobsen,2025-04-18,11:45:57,-07:00,2025-04-18T11:45:57-07:00,0,0
global.js,82,js,dbd95e1e,mfjacobsen,2025-04-18,11:45:57,-07:00,2025-04-18T11:45:57-07:00,0,12
global.js,83,js,dbd95e1e,mfjacobsen,2025-04-18,11:45:57,-07:00,2025-04-18T11:45:57-07:00,0,21
global.js,84,js,dbd95e1e,mfjacobsen,2025-04-18,11:45:57,-07:00,2025-04-18T11:45:57-07:00,0,0
global.js,85,js,dbd95e1e,mfjacobsen,2025-04-18,11:45:57,-07:00,2025-04-18T11:45:57-07:00,0,66
global.js,86,js,dbd95e1e,mfjacobsen,2025-04-18,11:45:57,-07:00,2025-04-18T11:45:57-07:00,0,26
global.js,87,js,dbd95e1e,mfjacobsen,2025-04-18,11:45:57,-07:00,2025-04-18T11:45:57-07:00,0,0
global.js,88,js,dbd95e1e,mfjacobsen,2025-04-18,11:45:57,-07:00,2025-04-18T11:45:57-07:00,0,0
global.js,89,js,dbd95e1e,mfjacobsen,2025-04-18,11:45:57,-07:00,2025-04-18T11:45:57-07:00,0,30
global.js,90,js,dbd95e1e,mfjacobsen,2025-04-18,11:45:57,-07:00,2025-04-18T11:45:57-07:00,0,19
global.js,91,js,dbd95e1e,mfjacobsen,2025-04-18,11:45:57,-07:00,2025-04-18T11:45:57-07:00,0,0
global.js,92,js,dbd95e1e,mfjacobsen,2025-04-18,11:45:57,-07:00,2025-04-18T11:45:57-07:00,0,13
global.js,93,js,dbd95e1e,mfjacobsen,2025-04-18,11:45:57,-07:00,2025-04-18T11:45:57-07:00,0,0
global.js,94,js,dbd95e1e,mfjacobsen,2025-04-18,11:45:57,-07:00,2025-04-18T11:45:57-07:00,0,0
global.js,95,js,dbd95e1e,mfjacobsen,2025-04-18,11:45:57,-07:00,2025-04-18T11:45:57-07:00,0,32
global.js,96,js,dbd95e1e,mfjacobsen,2025-04-18,11:45:57,-07:00,2025-04-18T11:45:57-07:00,0,12
global.js,97,js,dbd95e1e,mfjacobsen,2025-04-18,11:45:57,-07:00,2025-04-18T11:45:57-07:00,0,0
global.js,98,js,dbd95e1e,mfjacobsen,2025-04-18,11:45:57,-07:00,2025-04-18T11:45:57-07:00,0,27
global.js,99,js,dbd95e1e,mfjacobsen,2025-04-18,11:45:57,-07:00,2025-04-18T11:45:57-07:00,0,5
global.js,100,js,dbd95e1e,mfjacobsen,2025-04-18,11:45:57,-07:00,2025-04-18T11:45:57-07:00,0,7
global.js,101,js,dbd95e1e,mfjacobsen,2025-04-18,11:45:57,-07:00,2025-04-18T11:45:57-07:00,0,34
global.js,102,js,dbd95e1e,mfjacobsen,2025-04-18,11:45:57,-07:00,2025-04-18T11:45:57-07:00,0,35
global.js,103,js,dbd95e1e,mfjacobsen,2025-04-18,11:45:57,-07:00,2025-04-18T11:45:57-07:00,0,33
global.js,104,js,dbd95e1e,mfjacobsen,2025-04-18,11:45:57,-07:00,2025-04-18T11:45:57-07:00,0,8
global.js,105,js,dbd95e1e,mfjacobsen,2025-04-18,11:45:57,-07:00,2025-04-18T11:45:57-07:00,0,7
global.js,106,js,dbd95e1e,mfjacobsen,2025-04-18,11:45:57,-07:00,2025-04-18T11:45:57-07:00,0,0
global.js,107,js,dbd95e1e,mfjacobsen,2025-04-18,11:45:57,-07:00,2025-04-18T11:45:57-07:00,0,1
global.js,108,js,dbd95e1e,mfjacobsen,2025-04-18,11:45:57,-07:00,2025-04-18T11:45:57-07:00,0,0
global.js,109,js,dbd95e1e,mfjacobsen,2025-04-18,11:45:57,-07:00,2025-04-18T11:45:57-07:00,0,61
global.js,110,js,dbd95e1e,mfjacobsen,2025-04-18,11:45:57,-07:00,2025-04-18T11:45:57-07:00,0,0
global.js,111,js,dbd95e1e,mfjacobsen,2025-04-18,11:45:57,-07:00,2025-04-18T11:45:57-07:00,0,37
global.js,112,js,dbd95e1e,mfjacobsen,2025-04-18,11:45:57,-07:00,2025-04-18T11:45:57-07:00,0,35
global.js,113,js,dbd95e1e,mfjacobsen,2025-04-18,11:45:57,-07:00,2025-04-18T11:45:57-07:00,0,44
global.js,114,js,dbd95e1e,mfjacobsen,2025-04-18,11:45:57,-07:00,2025-04-18T11:45:57-07:00,0,26
global.js,115,js,dbd95e1e,mfjacobsen,2025-04-18,11:45:57,-07:00,2025-04-18T11:45:57-07:00,0,27
global.js,116,js,dbd95e1e,mfjacobsen,2025-04-18,11:45:57,-07:00,2025-04-18T11:45:57-07:00,0,0
global.js,117,js,dbd95e1e,mfjacobsen,2025-04-18,11:45:57,-07:00,2025-04-18T11:45:57-07:00,0,0
global.js,118,js,dbd95e1e,mfjacobsen,2025-04-18,11:45:57,-07:00,2025-04-18T11:45:57-07:00,0,45
global.js,119,js,dbd95e1e,mfjacobsen,2025-04-18,11:45:57,-07:00,2025-04-18T11:45:57-07:00,0,50
global.js,120,js,dbd95e1e,mfjacobsen,2025-04-18,11:45:57,-07:00,2025-04-18T11:45:57-07:00,0,33
global.js,121,js,dbd95e1e,mfjacobsen,2025-04-18,11:45:57,-07:00,2025-04-18T11:45:57-07:00,0,33
global.js,122,js,dbd95e1e,mfjacobsen,2025-04-18,11:45:57,-07:00,2025-04-18T11:45:57-07:00,0,22
global.js,123,js,dbd95e1e,mfjacobsen,2025-04-18,11:45:57,-07:00,2025-04-18T11:45:57-07:00,0,2
global.js,124,js,dbd95e1e,mfjacobsen,2025-04-18,11:45:57,-07:00,2025-04-18T11:45:57-07:00,0,0
resume/index.html,1,html,97d4a117,mfjacobsen,2025-04-04,19:37:28,-07:00,2025-04-04T19:37:28-07:00,0,14
resume/index.html,2,html,97d4a117,mfjacobsen,2025-04-04,19:37:28,-07:00,2025-04-04T19:37:28-07:00,0,15
resume/index.html,3,html,97d4a117,mfjacobsen,2025-04-04,19:37:28,-07:00,2025-04-04T19:37:28-07:00,0,5
resume/index.html,4,html,97d4a117,mfjacobsen,2025-04-04,19:37:28,-07:00,2025-04-04T19:37:28-07:00,0,21
resume/index.html,5,html,97d4a117,mfjacobsen,2025-04-04,19:37:28,-07:00,2025-04-04T19:37:28-07:00,0,69
resume/index.html,6,html,97d4a117,mfjacobsen,2025-04-04,19:37:28,-07:00,2025-04-04T19:37:28-07:00,0,20
resume/index.html,7,html,2ba1a6cd,mfjacobsen,2025-04-11,15:14:14,-07:00,2025-04-11T15:14:14-07:00,0,42
resume/index.html,8,html,dfde2a7a,mfjacobsen,2025-04-18,12:07:01,-07:00,2025-04-18T12:07:01-07:00,0,49
resume/index.html,9,html,97d4a117,mfjacobsen,2025-04-04,19:37:28,-07:00,2025-04-04T19:37:28-07:00,0,6
resume/index.html,10,html,97d4a117,mfjacobsen,2025-04-04,19:37:28,-07:00,2025-04-04T19:37:28-07:00,0,0
resume/index.html,11,html,2ba1a6cd,mfjacobsen,2025-04-11,15:14:14,-07:00,2025-04-11T15:14:14-07:00,0,5
resume/index.html,12,html,2ba1a6cd,mfjacobsen,2025-04-11,15:14:14,-07:00,2025-04-11T15:14:14-07:00,0,15
resume/index.html,13,html,2ba1a6cd,mfjacobsen,2025-04-11,15:14:14,-07:00,2025-04-11T15:14:14-07:00,0,0
resume/index.html,14,html,2ba1a6cd,mfjacobsen,2025-04-11,15:14:14,-07:00,2025-04-11T15:14:14-07:00,0,19
resume/index.html,15,html,2ba1a6cd,mfjacobsen,2025-04-11,15:14:14,-07:00,2025-04-11T15:14:14-07:00,0,8
resume/index.html,16,html,2ba1a6cd,mfjacobsen,2025-04-11,15:14:14,-07:00,2025-04-11T15:14:14-07:00,0,15
resume/index.html,17,html,2ba1a6cd,mfjacobsen,2025-04-11,15:14:14,-07:00,2025-04-11T15:14:14-07:00,0,174
resume/index.html,18,html,2ba1a6cd,mfjacobsen,2025-04-11,15:14:14,-07:00,2025-04-11T15:14:14-07:00,0,9
resume/index.html,19,html,2ba1a6cd,mfjacobsen,2025-04-11,15:14:14,-07:00,2025-04-11T15:14:14-07:00,0,0
resume/index.html,20,html,2ba1a6cd,mfjacobsen,2025-04-11,15:14:14,-07:00,2025-04-11T15:14:14-07:00,0,8
resume/index.html,21,html,2ba1a6cd,mfjacobsen,2025-04-11,15:14:14,-07:00,2025-04-11T15:14:14-07:00,0,17
resume/index.html,22,html,97d4a117,mfjacobsen,2025-04-04,19:37:28,-07:00,2025-04-04T19:37:28-07:00,0,0
resume/index.html,23,html,2ba1a6cd,mfjacobsen,2025-04-11,15:14:14,-07:00,2025-04-11T15:14:14-07:00,0,3
resume/index.html,24,html,2ba1a6cd,mfjacobsen,2025-04-11,15:14:14,-07:00,2025-04-11T15:14:14-07:00,0,8
resume/index.html,25,html,2ba1a6cd,mfjacobsen,2025-04-11,15:14:14,-07:00,2025-04-11T15:14:14-07:00,0,79
resume/index.html,26,html,2ba1a6cd,mfjacobsen,2025-04-11,15:14:14,-07:00,2025-04-11T15:14:14-07:00,0,9
resume/index.html,27,html,2ba1a6cd,mfjacobsen,2025-04-11,15:14:14,-07:00,2025-04-11T15:14:14-07:00,0,4
resume/index.html,28,html,2ba1a6cd,mfjacobsen,2025-04-11,15:14:14,-07:00,2025-04-11T15:14:14-07:00,0,0
resume/index.html,29,html,2ba1a6cd,mfjacobsen,2025-04-11,15:14:14,-07:00,2025-04-11T15:14:14-07:00,0,3
resume/index.html,30,html,2ba1a6cd,mfjacobsen,2025-04-11,15:14:14,-07:00,2025-04-11T15:14:14-07:00,0,8
resume/index.html,31,html,2ba1a6cd,mfjacobsen,2025-04-11,15:14:14,-07:00,2025-04-11T15:14:14-07:00,0,77
resume/index.html,32,html,2ba1a6cd,mfjacobsen,2025-04-11,15:14:14,-07:00,2025-04-11T15:14:14-07:00,0,9
resume/index.html,33,html,2ba1a6cd,mfjacobsen,2025-04-11,15:14:14,-07:00,2025-04-11T15:14:14-07:00,0,4
resume/index.html,34,html,2ba1a6cd,mfjacobsen,2025-04-11,15:14:14,-07:00,2025-04-11T15:14:14-07:00,0,9
resume/index.html,35,html,2ba1a6cd,mfjacobsen,2025-04-11,15:14:14,-07:00,2025-04-11T15:14:14-07:00,0,0
resume/index.html,36,html,2ba1a6cd,mfjacobsen,2025-04-11,15:14:14,-07:00,2025-04-11T15:14:14-07:00,0,31
resume/index.html,37,html,2ba1a6cd,mfjacobsen,2025-04-11,15:14:14,-07:00,2025-04-11T15:14:14-07:00,0,14
resume/index.html,38,html,2ba1a6cd,mfjacobsen,2025-04-11,15:14:14,-07:00,2025-04-11T15:14:14-07:00,0,29
resume/index.html,39,html,97d4a117,mfjacobsen,2025-04-04,19:37:28,-07:00,2025-04-04T19:37:28-07:00,0,3
resume/index.html,40,html,97d4a117,mfjacobsen,2025-04-04,19:37:28,-07:00,2025-04-04T19:37:28-07:00,0,14
resume/index.html,41,html,97d4a117,mfjacobsen,2025-04-04,19:37:28,-07:00,2025-04-04T19:37:28-07:00,0,9
resume/index.html,42,html,97d4a117,mfjacobsen,2025-04-04,19:37:28,-07:00,2025-04-04T19:37:28-07:00,0,12
resume/index.html,43,html,97d4a117,mfjacobsen,2025-04-04,19:37:28,-07:00,2025-04-04T19:37:28-07:00,0,4
resume/index.html,44,html,97d4a117,mfjacobsen,2025-04-04,19:37:28,-07:00,2025-04-04T19:37:28-07:00,0,3
resume/index.html,45,html,97d4a117,mfjacobsen,2025-04-04,19:37:28,-07:00,2025-04-04T19:37:28-07:00,0,11
resume/index.html,46,html,97d4a117,mfjacobsen,2025-04-04,19:37:28,-07:00,2025-04-04T19:37:28-07:00,0,20
resume/index.html,47,html,97d4a117,mfjacobsen,2025-04-04,19:37:28,-07:00,2025-04-04T19:37:28-07:00,0,14
resume/index.html,48,html,97d4a117,mfjacobsen,2025-04-04,19:37:28,-07:00,2025-04-04T19:37:28-07:00,0,4
resume/index.html,49,html,97d4a117,mfjacobsen,2025-04-04,19:37:28,-07:00,2025-04-04T19:37:28-07:00,0,3
resume/index.html,50,html,97d4a117,mfjacobsen,2025-04-04,19:37:28,-07:00,2025-04-04T19:37:28-07:00,0,27
resume/index.html,51,html,97d4a117,mfjacobsen,2025-04-04,19:37:28,-07:00,2025-04-04T19:37:28-07:00,0,30
resume/index.html,52,html,97d4a117,mfjacobsen,2025-04-04,19:37:28,-07:00,2025-04-04T19:37:28-07:00,0,24
resume/index.html,53,html,97d4a117,mfjacobsen,2025-04-04,19:37:28,-07:00,2025-04-04T19:37:28-07:00,0,4
resume/index.html,54,html,2ba1a6cd,mfjacobsen,2025-04-11,15:14:14,-07:00,2025-04-11T15:14:14-07:00,0,5
resume/index.html,55,html,2ba1a6cd,mfjacobsen,2025-04-11,15:14:14,-07:00,2025-04-11T15:14:14-07:00,0,9
resume/index.html,56,html,2ba1a6cd,mfjacobsen,2025-04-11,15:14:14,-07:00,2025-04-11T15:14:14-07:00,0,0
resume/index.html,57,html,2ba1a6cd,mfjacobsen,2025-04-11,15:14:14,-07:00,2025-04-11T15:14:14-07:00,0,8
resume/index.html,58,html,2ba1a6cd,mfjacobsen,2025-04-11,15:14:14,-07:00,2025-04-11T15:14:14-07:00,0,18
resume/index.html,59,html,2ba1a6cd,mfjacobsen,2025-04-11,15:14:14,-07:00,2025-04-11T15:14:14-07:00,0,127
resume/index.html,60,html,2ba1a6cd,mfjacobsen,2025-04-11,15:14:14,-07:00,2025-04-11T15:14:14-07:00,0,90
resume/index.html,61,html,2ba1a6cd,mfjacobsen,2025-04-11,15:14:14,-07:00,2025-04-11T15:14:14-07:00,0,83
resume/index.html,62,html,2ba1a6cd,mfjacobsen,2025-04-11,15:14:14,-07:00,2025-04-11T15:14:14-07:00,0,3
resume/index.html,63,html,2ba1a6cd,mfjacobsen,2025-04-11,15:14:14,-07:00,2025-04-11T15:14:14-07:00,0,0
resume/index.html,64,html,2ba1a6cd,mfjacobsen,2025-04-11,15:14:14,-07:00,2025-04-11T15:14:14-07:00,0,129
resume/index.html,65,html,2ba1a6cd,mfjacobsen,2025-04-11,15:14:14,-07:00,2025-04-11T15:14:14-07:00,0,115
resume/index.html,66,html,2ba1a6cd,mfjacobsen,2025-04-11,15:14:14,-07:00,2025-04-11T15:14:14-07:00,0,2
resume/index.html,67,html,2ba1a6cd,mfjacobsen,2025-04-11,15:14:14,-07:00,2025-04-11T15:14:14-07:00,0,56
resume/index.html,68,html,2ba1a6cd,mfjacobsen,2025-04-11,15:14:14,-07:00,2025-04-11T15:14:14-07:00,0,112
resume/index.html,69,html,2ba1a6cd,mfjacobsen,2025-04-11,15:14:14,-07:00,2025-04-11T15:14:14-07:00,0,15
resume/index.html,70,html,2ba1a6cd,mfjacobsen,2025-04-11,15:14:14,-07:00,2025-04-11T15:14:14-07:00,0,3
resume/index.html,71,html,2ba1a6cd,mfjacobsen,2025-04-11,15:14:14,-07:00,2025-04-11T15:14:14-07:00,0,0
resume/index.html,72,html,2ba1a6cd,mfjacobsen,2025-04-11,15:14:14,-07:00,2025-04-11T15:14:14-07:00,0,145
resume/index.html,73,html,2ba1a6cd,mfjacobsen,2025-04-11,15:14:14,-07:00,2025-04-11T15:14:14-07:00,0,114
resume/index.html,74,html,2ba1a6cd,mfjacobsen,2025-04-11,15:14:14,-07:00,2025-04-11T15:14:14-07:00,0,5
resume/index.html,75,html,2ba1a6cd,mfjacobsen,2025-04-11,15:14:14,-07:00,2025-04-11T15:14:14-07:00,0,9
resume/index.html,76,html,2ba1a6cd,mfjacobsen,2025-04-11,15:14:14,-07:00,2025-04-11T15:14:14-07:00,0,110
resume/index.html,77,html,2ba1a6cd,mfjacobsen,2025-04-11,15:14:14,-07:00,2025-04-11T15:14:14-07:00,0,7
resume/index.html,78,html,2ba1a6cd,mfjacobsen,2025-04-11,15:14:14,-07:00,2025-04-11T15:14:14-07:00,0,81
resume/index.html,79,html,2ba1a6cd,mfjacobsen,2025-04-11,15:14:14,-07:00,2025-04-11T15:14:14-07:00,0,110
resume/index.html,80,html,2ba1a6cd,mfjacobsen,2025-04-11,15:14:14,-07:00,2025-04-11T15:14:14-07:00,0,8
resume/index.html,81,html,2ba1a6cd,mfjacobsen,2025-04-11,15:14:14,-07:00,2025-04-11T15:14:14-07:00,0,29
resume/index.html,82,html,2ba1a6cd,mfjacobsen,2025-04-11,15:14:14,-07:00,2025-04-11T15:14:14-07:00,0,106
resume/index.html,83,html,2ba1a6cd,mfjacobsen,2025-04-11,15:14:14,-07:00,2025-04-11T15:14:14-07:00,0,12
resume/index.html,84,html,2ba1a6cd,mfjacobsen,2025-04-11,15:14:14,-07:00,2025-04-11T15:14:14-07:00,0,86
resume/index.html,85,html,2ba1a6cd,mfjacobsen,2025-04-11,15:14:14,-07:00,2025-04-11T15:14:14-07:00,0,0
resume/index.html,86,html,2ba1a6cd,mfjacobsen,2025-04-11,15:14:14,-07:00,2025-04-11T15:14:14-07:00,0,9
resume/index.html,87,html,2ba1a6cd,mfjacobsen,2025-04-11,15:14:14,-07:00,2025-04-11T15:14:14-07:00,0,5
resume/index.html,88,html,97d4a117,mfjacobsen,2025-04-04,19:37:28,-07:00,2025-04-04T19:37:28-07:00,0,6
resume/index.html,89,html,97d4a117,mfjacobsen,2025-04-04,19:37:28,-07:00,2025-04-04T19:37:28-07:00,0,6
projects/projects.js,1,js,ee11e47f,mfjacobsen,2025-04-25,12:28:22,-07:00,2025-04-25T12:28:22-07:00,0,55
projects/projects.js,2,js,26fef79b,mfjacobsen,2025-05-02,11:25:07,-07:00,2025-05-02T11:25:07-07:00,0,64
projects/projects.js,3,js,ee11e47f,mfjacobsen,2025-04-25,12:28:22,-07:00,2025-04-25T12:28:22-07:00,0,0
projects/projects.js,4,js,ee11e47f,mfjacobsen,2025-04-25,12:28:22,-07:00,2025-04-25T12:28:22-07:00,0,56
projects/projects.js,5,js,ee11e47f,mfjacobsen,2025-04-25,12:28:22,-07:00,2025-04-25T12:28:22-07:00,0,0
projects/projects.js,6,js,ee11e47f,mfjacobsen,2025-04-25,12:28:22,-07:00,2025-04-25T12:28:22-07:00,0,61
projects/projects.js,7,js,ee11e47f,mfjacobsen,2025-04-25,12:28:22,-07:00,2025-04-25T12:28:22-07:00,0,62
projects/projects.js,8,js,ee11e47f,mfjacobsen,2025-04-25,12:28:22,-07:00,2025-04-25T12:28:22-07:00,0,0
projects/projects.js,9,js,ee11e47f,mfjacobsen,2025-04-25,12:28:22,-07:00,2025-04-25T12:28:22-07:00,0,49
projects/projects.js,10,js,ee11e47f,mfjacobsen,2025-04-25,12:28:22,-07:00,2025-04-25T12:28:22-07:00,0,0
projects/projects.js,11,js,ee11e47f,mfjacobsen,2025-04-25,12:28:22,-07:00,2025-04-25T12:28:22-07:00,0,18
projects/projects.js,12,js,ee11e47f,mfjacobsen,2025-04-25,12:28:22,-07:00,2025-04-25T12:28:22-07:00,0,56
projects/projects.js,13,js,26fef79b,mfjacobsen,2025-05-02,11:25:07,-07:00,2025-05-02T11:25:07-07:00,0,0
projects/projects.js,14,js,26fef79b,mfjacobsen,2025-05-02,11:25:07,-07:00,2025-05-02T11:25:07-07:00,0,0
projects/projects.js,15,js,26fef79b,mfjacobsen,2025-05-02,11:25:07,-07:00,2025-05-02T11:25:07-07:00,0,0
projects/projects.js,16,js,26fef79b,mfjacobsen,2025-05-02,11:25:07,-07:00,2025-05-02T11:25:07-07:00,0,58
projects/projects.js,17,js,26fef79b,mfjacobsen,2025-05-02,11:25:07,-07:00,2025-05-02T11:25:07-07:00,0,0
projects/projects.js,18,js,26fef79b,mfjacobsen,2025-05-02,11:25:07,-07:00,2025-05-02T11:25:07-07:00,0,48
projects/projects.js,19,js,26fef79b,mfjacobsen,2025-05-02,11:25:07,-07:00,2025-05-02T11:25:07-07:00,0,0
projects/projects.js,20,js,07c3dfa6,mfjacobsen,2025-05-03,17:23:40,-07:00,2025-05-03T17:23:40-07:00,0,22
projects/projects.js,21,js,07c3dfa6,mfjacobsen,2025-05-03,17:23:40,-07:00,2025-05-03T17:23:40-07:00,0,41
projects/projects.js,22,js,07c3dfa6,mfjacobsen,2025-05-03,17:23:40,-07:00,2025-05-03T17:23:40-07:00,0,0
projects/projects.js,23,js,07c3dfa6,mfjacobsen,2025-05-03,17:23:40,-07:00,2025-05-03T17:23:40-07:00,0,39
projects/projects.js,24,js,07c3dfa6,mfjacobsen,2025-05-03,17:23:40,-07:00,2025-05-03T17:23:40-07:00,0,23
projects/projects.js,25,js,07c3dfa6,mfjacobsen,2025-05-03,17:23:40,-07:00,2025-05-03T17:23:40-07:00,0,30
projects/projects.js,26,js,07c3dfa6,mfjacobsen,2025-05-03,17:23:40,-07:00,2025-05-03T17:23:40-07:00,0,13
projects/projects.js,27,js,07c3dfa6,mfjacobsen,2025-05-03,17:23:40,-07:00,2025-05-03T17:23:40-07:00,0,15
projects/projects.js,28,js,07c3dfa6,mfjacobsen,2025-05-03,17:23:40,-07:00,2025-05-03T17:23:40-07:00,0,12
projects/projects.js,29,js,07c3dfa6,mfjacobsen,2025-05-03,17:23:40,-07:00,2025-05-03T17:23:40-07:00,0,1
projects/projects.js,30,js,07c3dfa6,mfjacobsen,2025-05-03,17:23:40,-07:00,2025-05-03T17:23:40-07:00,0,0
projects/projects.js,31,js,07c3dfa6,mfjacobsen,2025-05-03,17:23:40,-07:00,2025-05-03T17:23:40-07:00,0,52
projects/projects.js,32,js,07c3dfa6,mfjacobsen,2025-05-03,17:23:40,-07:00,2025-05-03T17:23:40-07:00,0,12
projects/projects.js,33,js,07c3dfa6,mfjacobsen,2025-05-03,17:23:40,-07:00,2025-05-03T17:23:40-07:00,0,10
projects/projects.js,34,js,07c3dfa6,mfjacobsen,2025-05-03,17:23:40,-07:00,2025-05-03T17:23:40-07:00,0,3
projects/projects.js,35,js,07c3dfa6,mfjacobsen,2025-05-03,17:23:40,-07:00,2025-05-03T17:23:40-07:00,0,0
projects/projects.js,36,js,07c3dfa6,mfjacobsen,2025-05-03,17:23:40,-07:00,2025-05-03T17:23:40-07:00,0,56
projects/projects.js,37,js,07c3dfa6,mfjacobsen,2025-05-03,17:23:40,-07:00,2025-05-03T17:23:40-07:00,0,52
projects/projects.js,38,js,07c3dfa6,mfjacobsen,2025-05-03,17:23:40,-07:00,2025-05-03T17:23:40-07:00,0,0
projects/projects.js,39,js,07c3dfa6,mfjacobsen,2025-05-03,17:23:40,-07:00,2025-05-03T17:23:40-07:00,0,16
projects/projects.js,40,js,07c3dfa6,mfjacobsen,2025-05-03,17:23:40,-07:00,2025-05-03T17:23:40-07:00,0,26
projects/projects.js,41,js,07c3dfa6,mfjacobsen,2025-05-03,17:23:40,-07:00,2025-05-03T17:23:40-07:00,0,30
projects/projects.js,42,js,07c3dfa6,mfjacobsen,2025-05-03,17:23:40,-07:00,2025-05-03T17:23:40-07:00,0,0
projects/projects.js,43,js,07c3dfa6,mfjacobsen,2025-05-03,17:23:40,-07:00,2025-05-03T17:23:40-07:00,0,40
projects/projects.js,44,js,07c3dfa6,mfjacobsen,2025-05-03,17:23:40,-07:00,2025-05-03T17:23:40-07:00,0,28
projects/projects.js,45,js,07c3dfa6,mfjacobsen,2025-05-03,17:23:40,-07:00,2025-05-03T17:23:40-07:00,0,17
projects/projects.js,46,js,07c3dfa6,mfjacobsen,2025-05-03,17:23:40,-07:00,2025-05-03T17:23:40-07:00,0,14
projects/projects.js,47,js,07c3dfa6,mfjacobsen,2025-05-03,17:23:40,-07:00,2025-05-03T17:23:40-07:00,0,62
projects/projects.js,48,js,07c3dfa6,mfjacobsen,2025-05-03,17:23:40,-07:00,2025-05-03T17:23:40-07:00,0,54
projects/projects.js,49,js,07c3dfa6,mfjacobsen,2025-05-03,17:23:40,-07:00,2025-05-03T17:23:40-07:00,0,19
projects/projects.js,50,js,07c3dfa6,mfjacobsen,2025-05-03,17:23:40,-07:00,2025-05-03T17:23:40-07:00,0,44
projects/projects.js,51,js,07c3dfa6,mfjacobsen,2025-05-03,17:23:40,-07:00,2025-05-03T17:23:40-07:00,0,0
projects/projects.js,52,js,07c3dfa6,mfjacobsen,2025-05-03,17:23:40,-07:00,2025-05-03T17:23:40-07:00,0,35
projects/projects.js,53,js,07c3dfa6,mfjacobsen,2025-05-03,17:23:40,-07:00,2025-05-03T17:23:40-07:00,0,26
projects/projects.js,54,js,07c3dfa6,mfjacobsen,2025-05-03,17:23:40,-07:00,2025-05-03T17:23:40-07:00,0,49
projects/projects.js,55,js,07c3dfa6,mfjacobsen,2025-05-03,17:23:40,-07:00,2025-05-03T17:23:40-07:00,0,7
projects/projects.js,56,js,07c3dfa6,mfjacobsen,2025-05-03,17:23:40,-07:00,2025-05-03T17:23:40-07:00,0,50
projects/projects.js,57,js,07c3dfa6,mfjacobsen,2025-05-03,17:23:40,-07:00,2025-05-03T17:23:40-07:00,0,63
projects/projects.js,58,js,07c3dfa6,mfjacobsen,2025-05-03,17:23:40,-07:00,2025-05-03T17:23:40-07:00,0,49
projects/projects.js,59,js,07c3dfa6,mfjacobsen,2025-05-03,17:23:40,-07:00,2025-05-03T17:23:40-07:00,0,0
projects/projects.js,60,js,07c3dfa6,mfjacobsen,2025-05-03,17:23:40,-07:00,2025-05-03T17:23:40-07:00,0,0
projects/projects.js,61,js,07c3dfa6,mfjacobsen,2025-05-03,17:23:40,-07:00,2025-05-03T17:23:40-07:00,0,57
projects/projects.js,62,js,07c3dfa6,mfjacobsen,2025-05-03,17:23:40,-07:00,2025-05-03T17:23:40-07:00,0,2
projects/projects.js,63,js,07c3dfa6,mfjacobsen,2025-05-03,17:23:40,-07:00,2025-05-03T17:23:40-07:00,0,2
projects/projects.js,64,js,07c3dfa6,mfjacobsen,2025-05-03,17:23:40,-07:00,2025-05-03T17:23:40-07:00,0,0
projects/projects.js,65,js,07c3dfa6,mfjacobsen,2025-05-03,17:23:40,-07:00,2025-05-03T17:23:40-07:00,0,25
projects/projects.js,66,js,07c3dfa6,mfjacobsen,2025-05-03,17:23:40,-07:00,2025-05-03T17:23:40-07:00,0,33
projects/projects.js,67,js,07c3dfa6,mfjacobsen,2025-05-03,17:23:40,-07:00,2025-05-03T17:23:40-07:00,0,31
projects/projects.js,68,js,07c3dfa6,mfjacobsen,2025-05-03,17:23:40,-07:00,2025-05-03T17:23:40-07:00,0,0
projects/projects.js,69,js,07c3dfa6,mfjacobsen,2025-05-03,17:23:40,-07:00,2025-05-03T17:23:40-07:00,0,26
projects/projects.js,70,js,07c3dfa6,mfjacobsen,2025-05-03,17:23:40,-07:00,2025-05-03T17:23:40-07:00,0,18
projects/projects.js,71,js,07c3dfa6,mfjacobsen,2025-05-03,17:23:40,-07:00,2025-05-03T17:23:40-07:00,0,75
projects/projects.js,72,js,07c3dfa6,mfjacobsen,2025-05-03,17:23:40,-07:00,2025-05-03T17:23:40-07:00,0,37
projects/projects.js,73,js,07c3dfa6,mfjacobsen,2025-05-03,17:23:40,-07:00,2025-05-03T17:23:40-07:00,0,70
projects/projects.js,74,js,07c3dfa6,mfjacobsen,2025-05-03,17:23:40,-07:00,2025-05-03T17:23:40-07:00,0,2
projects/projects.js,75,js,07c3dfa6,mfjacobsen,2025-05-03,17:23:40,-07:00,2025-05-03T17:23:40-07:00,0,0
projects/projects.js,76,js,07c3dfa6,mfjacobsen,2025-05-03,17:23:40,-07:00,2025-05-03T17:23:40-07:00,0,0
projects/projects.js,77,js,07c3dfa6,mfjacobsen,2025-05-03,17:23:40,-07:00,2025-05-03T17:23:40-07:00,0,33
projects/projects.js,78,js,07c3dfa6,mfjacobsen,2025-05-03,17:23:40,-07:00,2025-05-03T17:23:40-07:00,0,24
projects/projects.js,79,js,07c3dfa6,mfjacobsen,2025-05-03,17:23:40,-07:00,2025-05-03T17:23:40-07:00,0,0
projects/projects.js,80,js,07c3dfa6,mfjacobsen,2025-05-03,17:23:40,-07:00,2025-05-03T17:23:40-07:00,0,14
projects/projects.js,81,js,07c3dfa6,mfjacobsen,2025-05-03,17:23:40,-07:00,2025-05-03T17:23:40-07:00,0,54
projects/projects.js,82,js,07c3dfa6,mfjacobsen,2025-05-03,17:23:40,-07:00,2025-05-03T17:23:40-07:00,0,50
projects/projects.js,83,js,07c3dfa6,mfjacobsen,2025-05-03,17:23:40,-07:00,2025-05-03T17:23:40-07:00,0,20
projects/projects.js,84,js,07c3dfa6,mfjacobsen,2025-05-03,17:23:40,-07:00,2025-05-03T17:23:40-07:00,0,26
projects/projects.js,85,js,07c3dfa6,mfjacobsen,2025-05-03,17:23:40,-07:00,2025-05-03T17:23:40-07:00,0,17
projects/projects.js,86,js,07c3dfa6,mfjacobsen,2025-05-03,17:23:40,-07:00,2025-05-03T17:23:40-07:00,0,52
projects/projects.js,87,js,07c3dfa6,mfjacobsen,2025-05-03,17:23:40,-07:00,2025-05-03T17:23:40-07:00,0,60
projects/projects.js,88,js,07c3dfa6,mfjacobsen,2025-05-03,17:23:40,-07:00,2025-05-03T17:23:40-07:00,0,43
projects/projects.js,89,js,07c3dfa6,mfjacobsen,2025-05-03,17:23:40,-07:00,2025-05-03T17:23:40-07:00,0,2
projects/projects.js,90,js,07c3dfa6,mfjacobsen,2025-05-03,17:23:40,-07:00,2025-05-03T17:23:40-07:00,0,26
projects/projects.js,91,js,07c3dfa6,mfjacobsen,2025-05-03,17:23:40,-07:00,2025-05-03T17:23:40-07:00,0,57
projects/projects.js,92,js,07c3dfa6,mfjacobsen,2025-05-03,17:23:40,-07:00,2025-05-03T17:23:40-07:00,0,32
projects/projects.js,93,js,07c3dfa6,mfjacobsen,2025-05-03,17:23:40,-07:00,2025-05-03T17:23:40-07:00,0,2
projects/projects.js,94,js,07c3dfa6,mfjacobsen,2025-05-03,17:23:40,-07:00,2025-05-03T17:23:40-07:00,0,0
projects/index.html,1,html,97d4a117,mfjacobsen,2025-04-04,19:37:28,-07:00,2025-04-04T19:37:28-07:00,0,14
projects/index.html,2,html,97d4a117,mfjacobsen,2025-04-04,19:37:28,-07:00,2025-04-04T19:37:28-07:00,0,15
projects/index.html,3,html,97d4a117,mfjacobsen,2025-04-04,19:37:28,-07:00,2025-04-04T19:37:28-07:00,0,5
projects/index.html,4,html,97d4a117,mfjacobsen,2025-04-04,19:37:28,-07:00,2025-04-04T19:37:28-07:00,0,21
projects/index.html,5,html,97d4a117,mfjacobsen,2025-04-04,19:37:28,-07:00,2025-04-04T19:37:28-07:00,0,69
projects/index.html,6,html,97d4a117,mfjacobsen,2025-04-04,19:37:28,-07:00,2025-04-04T19:37:28-07:00,0,22
projects/index.html,7,html,2ba1a6cd,mfjacobsen,2025-04-11,15:14:14,-07:00,2025-04-11T15:14:14-07:00,0,42
projects/index.html,8,html,ee11e47f,mfjacobsen,2025-04-25,12:28:22,-07:00,2025-04-25T12:28:22-07:00,0,50
projects/index.html,9,html,ee11e47f,mfjacobsen,2025-04-25,12:28:22,-07:00,2025-04-25T12:28:22-07:00,0,48
projects/index.html,10,html,97d4a117,mfjacobsen,2025-04-04,19:37:28,-07:00,2025-04-04T19:37:28-07:00,0,6
projects/index.html,11,html,2ba1a6cd,mfjacobsen,2025-04-11,15:14:14,-07:00,2025-04-11T15:14:14-07:00,0,0
projects/index.html,12,html,97d4a117,mfjacobsen,2025-04-04,19:37:28,-07:00,2025-04-04T19:37:28-07:00,0,5
projects/index.html,13,html,2ba1a6cd,mfjacobsen,2025-04-11,15:14:14,-07:00,2025-04-11T15:14:14-07:00,0,0
projects/index.html,14,html,ee11e47f,mfjacobsen,2025-04-25,12:28:22,-07:00,2025-04-25T12:28:22-07:00,0,28
projects/index.html,15,html,2ba1a6cd,mfjacobsen,2025-04-11,15:14:14,-07:00,2025-04-11T15:14:14-07:00,0,7
projects/index.html,16,html,2ba1a6cd,mfjacobsen,2025-04-11,15:14:14,-07:00,2025-04-11T15:14:14-07:00,0,4
projects/index.html,17,html,07c3dfa6,mfjacobsen,2025-05-03,17:23:40,-07:00,2025-05-03T17:23:40-07:00,0,0
projects/index.html,18,html,26fef79b,mfjacobsen,2025-05-02,11:25:07,-07:00,2025-05-02T11:25:07-07:00,0,26
projects/index.html,19,html,26fef79b,mfjacobsen,2025-05-02,11:25:07,-07:00,2025-05-02T11:25:07-07:00,0,59
projects/index.html,20,html,26fef79b,mfjacobsen,2025-05-02,11:25:07,-07:00,2025-05-02T11:25:07-07:00,0,23
projects/index.html,21,html,26fef79b,mfjacobsen,2025-05-02,11:25:07,-07:00,2025-05-02T11:25:07-07:00,0,5
projects/index.html,22,html,07c3dfa6,mfjacobsen,2025-05-03,17:23:40,-07:00,2025-05-03T17:23:40-07:00,0,0
projects/index.html,23,html,07c3dfa6,mfjacobsen,2025-05-03,17:23:40,-07:00,2025-05-03T17:23:40-07:00,0,103
projects/index.html,24,html,26fef79b,mfjacobsen,2025-05-02,11:25:07,-07:00,2025-05-02T11:25:07-07:00,0,0
projects/index.html,25,html,2ba1a6cd,mfjacobsen,2025-04-11,15:14:14,-07:00,2025-04-11T15:14:14-07:00,0,21
projects/index.html,26,html,2ba1a6cd,mfjacobsen,2025-04-11,15:14:14,-07:00,2025-04-11T15:14:14-07:00,0,5
projects/index.html,27,html,97d4a117,mfjacobsen,2025-04-04,19:37:28,-07:00,2025-04-04T19:37:28-07:00,0,6
projects/index.html,28,html,97d4a117,mfjacobsen,2025-04-04,19:37:28,-07:00,2025-04-04T19:37:28-07:00,0,6
contact/index.html,1,html,97d4a117,mfjacobsen,2025-04-04,19:37:28,-07:00,2025-04-04T19:37:28-07:00,0,14
contact/index.html,2,html,97d4a117,mfjacobsen,2025-04-04,19:37:28,-07:00,2025-04-04T19:37:28-07:00,0,15
contact/index.html,3,html,97d4a117,mfjacobsen,2025-04-04,19:37:28,-07:00,2025-04-04T19:37:28-07:00,0,5
contact/index.html,4,html,97d4a117,mfjacobsen,2025-04-04,19:37:28,-07:00,2025-04-04T19:37:28-07:00,0,21
contact/index.html,5,html,97d4a117,mfjacobsen,2025-04-04,19:37:28,-07:00,2025-04-04T19:37:28-07:00,0,69
contact/index.html,6,html,97d4a117,mfjacobsen,2025-04-04,19:37:28,-07:00,2025-04-04T19:37:28-07:00,0,21
contact/index.html,7,html,2ba1a6cd,mfjacobsen,2025-04-11,15:14:14,-07:00,2025-04-11T15:14:14-07:00,0,42
contact/index.html,8,html,dfde2a7a,mfjacobsen,2025-04-18,12:07:01,-07:00,2025-04-18T12:07:01-07:00,0,49
contact/index.html,9,html,97d4a117,mfjacobsen,2025-04-04,19:37:28,-07:00,2025-04-04T19:37:28-07:00,0,6
contact/index.html,10,html,97d4a117,mfjacobsen,2025-04-04,19:37:28,-07:00,2025-04-04T19:37:28-07:00,0,0
contact/index.html,11,html,97d4a117,mfjacobsen,2025-04-04,19:37:28,-07:00,2025-04-04T19:37:28-07:00,0,5
contact/index.html,12,html,2ba1a6cd,mfjacobsen,2025-04-11,15:14:14,-07:00,2025-04-11T15:14:14-07:00,0,3
contact/index.html,13,html,2ba1a6cd,mfjacobsen,2025-04-11,15:14:14,-07:00,2025-04-11T15:14:14-07:00,0,6
contact/index.html,14,html,2ba1a6cd,mfjacobsen,2025-04-11,15:14:14,-07:00,2025-04-11T15:14:14-07:00,0,4
contact/index.html,15,html,2ba1a6cd,mfjacobsen,2025-04-11,15:14:14,-07:00,2025-04-11T15:14:14-07:00,0,0
contact/index.html,16,html,2ba1a6cd,mfjacobsen,2025-04-11,15:14:14,-07:00,2025-04-11T15:14:14-07:00,0,79
contact/index.html,17,html,2ba1a6cd,mfjacobsen,2025-04-11,15:14:14,-07:00,2025-04-11T15:14:14-07:00,0,0
contact/index.html,18,html,2ba1a6cd,mfjacobsen,2025-04-11,15:14:14,-07:00,2025-04-11T15:14:14-07:00,0,12
contact/index.html,19,html,2ba1a6cd,mfjacobsen,2025-04-11,15:14:14,-07:00,2025-04-11T15:14:14-07:00,0,32
contact/index.html,20,html,2ba1a6cd,mfjacobsen,2025-04-11,15:14:14,-07:00,2025-04-11T15:14:14-07:00,0,7
contact/index.html,21,html,2ba1a6cd,mfjacobsen,2025-04-11,15:14:14,-07:00,2025-04-11T15:14:14-07:00,0,0
contact/index.html,22,html,2ba1a6cd,mfjacobsen,2025-04-11,15:14:14,-07:00,2025-04-11T15:14:14-07:00,0,14
contact/index.html,23,html,2ba1a6cd,mfjacobsen,2025-04-11,15:14:14,-07:00,2025-04-11T15:14:14-07:00,0,33
contact/index.html,24,html,2ba1a6cd,mfjacobsen,2025-04-11,15:14:14,-07:00,2025-04-11T15:14:14-07:00,0,7
contact/index.html,25,html,2ba1a6cd,mfjacobsen,2025-04-11,15:14:14,-07:00,2025-04-11T15:14:14-07:00,0,0
contact/index.html,26,html,2ba1a6cd,mfjacobsen,2025-04-11,15:14:14,-07:00,2025-04-11T15:14:14-07:00,0,11
contact/index.html,27,html,2ba1a6cd,mfjacobsen,2025-04-11,15:14:14,-07:00,2025-04-11T15:14:14-07:00,0,46
contact/index.html,28,html,2ba1a6cd,mfjacobsen,2025-04-11,15:14:14,-07:00,2025-04-11T15:14:14-07:00,0,7
contact/index.html,29,html,2ba1a6cd,mfjacobsen,2025-04-11,15:14:14,-07:00,2025-04-11T15:14:14-07:00,0,0
contact/index.html,30,html,2ba1a6cd,mfjacobsen,2025-04-11,15:14:14,-07:00,2025-04-11T15:14:14-07:00,0,37
contact/index.html,31,html,2ba1a6cd,mfjacobsen,2025-04-11,15:14:14,-07:00,2025-04-11T15:14:14-07:00,0,6
contact/index.html,32,html,2ba1a6cd,mfjacobsen,2025-04-11,15:14:14,-07:00,2025-04-11T15:14:14-07:00,0,0
contact/index.html,33,html,97d4a117,mfjacobsen,2025-04-04,19:37:28,-07:00,2025-04-04T19:37:28-07:00,0,6
contact/index.html,34,html,97d4a117,mfjacobsen,2025-04-04,19:37:28,-07:00,2025-04-04T19:37:28-07:00,0,6
